Chromosome	Position	Reference	Alternative_56001808050381	Alternative_TSAB2165
1	67396200	C	C	C
1	67396201	C	C	C
1	67396202	T	G/T	T
1	67396203	G	G	G
1	67396204	T	G/T	G/T
1	67396205	T	T	T
1	67396206	G	G	G/T
1	67396207	T	T	G/T
1	67396208	C	C	C
1	67396209	C	C	C
1	67396210	G	G	G
1	67396211	G	G	G
1	67396212	A	T/A	C/A
1	67396213	A	A	A
1	67396214	C	C	C
1	67396215	A	A	A
1	67396216	G	G	G
1	67396217	G	G	G
1	67396218	C	C	C
1	67396219	C	C	C
1	67396220	A	C/T/A	C/T/A
1	67396221	T	T/A	T
1	67396222	T	G	G
1	67396223	C	C	C
1	67396224	T	T	T
1	67396225	C	C	C
1	67396226	T	T	G/T
1	67396227	G	G	G
1	67396228	G	G	G
1	67396229	G	G	G
1	67396230	C	C	C
1	67396231	G	G	G
1	67396232	G	G	G
1	67396233	G	G	G
1	67396234	A	A	C/A
1	67396235	G	G	G
1	67396236	C	G/C	C
1	67396237	T	T	T
1	67396238	T	T	T
1	67396239	C	C	C
1	67396240	G	G	G
1	67396241	C	C	C
1	67396242	C	C	C
1	67396243	T	G/T	G/T
1	67396244	G	G	G
1	67396245	G	G	G
1	67396246	A	C/A	C/A
1	67396247	A	A	C/A
1	67396248	C	C	C
1	67396249	T	T	T
1	67396250	T	T	G/T
1	86786149	C	C	C
1	86786150	T	T	T
1	86786151	C	C	C
1	86786152	T	T	T
1	86786153	A	A	A
1	86786154	C	C	C/A
1	86786155	T	T	T
1	86786156	T	T	T
1	86786157	T	T	T
1	86786158	C	C	C/A
1	86786159	T	T	T
1	86786160	T	T	T
1	86786161	C	C	C
1	86786162	A	A	A
1	86786163	T	T	T
1	86786164	A	A	A
1	86786165	T	T	T
1	86786166	C	C	C
1	86786167	A	A	A
1	86786168	A	A	A
1	86786169	T	T	T
1	86786170	A	A	A
1	86786171	G	G	G
1	86786172	C	C	C
1	86786173	C	C	C
1	86786174	A	A	A
1	86786175	A	A	A
1	86786176	C	C	C
1	86786177	A	A	A
1	86786178	T	T	T
1	86786179	C	C	C
1	86786180	C	C	C
1	86786181	T	T	T
1	86786182	G	G	G
1	86786183	T	T	T
1	86786184	C	C	C
1	86786185	A	A	A
1	86786186	T	T	T
1	86786187	G	G	G
1	86786188	A	A	A
1	86786189	A	A	A
1	86786190	A	A	A
1	86786191	A	A	A
1	86786192	T	T	T
1	86786193	A	A	A
1	86786194	T	T	T
1	86786195	T	T	T
1	86786196	C	C	C
1	86786197	A	A	A
1	86786198	T	T	T
1	86786199	C	C	C
1	86786200	T	T	T
7	56684190	A	A	A
7	56684191	T	T	T
7	56684192	A	A	A
7	56684193	T	T	T
7	56684194	T	T/A	T
7	56684195	T	T	T
7	56684196	C	C	C
7	56684197	A	A	A
7	56684198	A	A	A
7	56684199	A	A	A
7	56684200	A	A	A
7	56684201	T	T	T
7	56684202	A	A	A
7	56684203	C	C	C
7	56684204	T	T	T
7	56684205	C	C	C
7	56684206	T	T	T
7	56684207	C	C	C
7	56684208	T	T	T
7	56684209	A	A	A
7	56684210	T	T	T
7	56684211	G	G	G
7	56684212	G	G	G
7	56684213	C	C	C
7	56684214	T	T	T
7	56684215	C	C	C
7	56684216	T	T	T
7	56684217	G	G	G
7	56684218	G	G	G
7	56684219	C	C	C
7	56684220	A	A	A
7	56684221	C	C	C
7	56684222	A	A	A
7	56684223	G	G	G
7	56684224	G	G	G
7	56684225	C	C	C
7	56684226	A	A	A
7	56684227	G	G	G
7	56684228	G	G	G
7	56684229	A	A	A
7	56684230	C	C	C
7	56684231	A	A	A
7	56684232	G	G	G
7	56684233	T	T	T
7	56684234	A	A	A
7	56684235	C	C	C
7	56684236	C	C	C/A
7	56684237	A	A	C/A
7	56684238	T	T/A	T
7	56684239	C	C	C
7	56684240	A	A	A
8	47405250	C	C	C
8	47405251	T	T	T
8	47405252	C	C	C
8	47405253	T	T	T
8	47405254	G	G	G
8	47405255	T	T	T
8	47405256	G	G	G
8	47405257	A	A	A
8	47405258	G	G	G
8	47405259	C	C	C/A
8	47405260	T	T	T
8	47405261	C	C	C
8	47405262	C	C	C
8	47405263	A	A	A
8	47405264	A	A	A
8	47405265	A	A	A
8	47405266	A	A	A
8	47405267	A	A	A
8	47405268	G	G	G
8	47405269	T	T	T
8	47405270	C	C	C
8	47405271	C	C	C
8	47405272	C	C	C
8	47405273	T	T	T
8	47405274	T	T	T
8	47405275	C	C	C
8	47405276	A	A	A
8	47405277	C	C	C
8	47405278	A	A	A
8	47405279	T	T	G/T
8	47405280	A	C/A	A
8	47405281	T	T	T
8	47405282	T	T	T
8	47405283	C	C	C
8	47405284	T	T	T
8	47405285	A	A	A
8	47405286	C	C	C/A
8	47405287	A	A	A
8	47405288	A	A	A
8	47405289	A	A	A
8	47405290	A	A	A
8	47405291	A	A	A
8	47405292	C	C	G/C
8	47405293	A	A	A
8	47405294	G	G	G
8	47405295	C	C	C
8	47405296	T	T	T
8	47405297	T	T	T
8	47405298	T	T	T
8	47405299	T	T	T
8	47405300	C	C	C
8	77395250	T	T	G/T
8	77395251	G	G/T	G
8	77395252	A	C/A	A
8	77395253	T	T	T
8	77395254	A	G/A	C/A
8	77395255	T	T/A	T
8	77395256	A	T/A	A
8	77395257	A	A	C/A
8	77395258	T	T	T
8	77395259	G	G/A	G
8	77395260	A	A	A
8	77395261	T	T	T
8	77395262	A	G/A	A
8	77395263	A	A	A
8	77395264	C	C/T	C
8	77395265	G	G/A	G
8	77395266	A	T/A	A
8	77395267	T	T/A	T
8	77395268	G	G	G
8	77395269	T	T/A	T
8	77395270	C	C/T	C
8	77395271	T	G/T	T
8	77395272	C	C/T	C
8	77395273	T	C/T	T
8	77395274	T	T	T
8	77395275	T	C/T	T
8	77395276	C	C/T	C
8	77395277	T	T	T
8	77395278	G	G/T	G
8	77395279	G	G/C	G
8	77395280	G	G/T	G
8	77395281	G	G	G
8	77395282	C	G/C	C
8	77395283	C	G/C	C
8	77395284	A	G/A	A
8	77395285	A	C/A	A
8	77395286	G	G/C	G
8	77395287	A	A	A
8	77395288	T	T/A	G/T
8	77395289	T	G/T	T
8	77395290	A	A	A
8	77395291	G	G/T	G
8	77395292	G	G/T	G
8	77395293	C	C/A	C
8	77395294	A	T/A	A
8	77395295	G	G/T	G
8	77395296	G	G/C	G
8	77395297	C	C/A	C
8	77395298	T	G/T	T
8	77395299	T	G/T	G/T
8	77395300	A	C/A	C/A
9	96385250	C	C	C
9	96385251	C	C	C
9	96385252	C	C	C
9	96385253	T	T	T
9	96385254	G	G	G
9	96385255	C	C	C
9	96385256	T	T	T
9	96385257	G	G	G
9	96385258	G	G/T	G
9	96385259	G	G	G
9	96385260	A	A	A
9	96385261	T	T/A	T
9	96385262	G	G	G
9	96385263	G	G	G
9	96385264	T	T	T
9	96385265	G	G	G
9	96385266	G	G	G
9	96385267	C	C	C
9	96385268	A	A	A
9	96385269	G	G	G
9	96385270	A	A	A
9	96385271	A	A	A
9	96385272	T	T	T
9	96385273	C	C	C
9	96385274	A	A	C/A
9	96385275	G	G	G
9	96385276	G	G	G
9	96385277	T	T	T
9	96385278	C	C	C
9	96385279	A	A	C/A
9	96385280	G	G	G
9	96385281	G	G	G
9	96385282	T	T/A	G/T
9	96385283	T	G/T	T
9	96385284	G	G	G
9	96385285	G	G	G
9	96385286	T	T	G/T
9	96385287	G	G	G
9	96385288	T	T	T
9	96385289	A	A	C/A
9	96385290	G	G/T	G
9	96385291	C	C	C
9	96385292	C	C	C
9	96385293	T	T	T
9	96385294	G	G	G
9	96385295	T	T	T
9	96385296	C	C	C
9	96385297	C	C	C
9	96385298	T	T	T
9	96385299	G	G	G
9	96385300	T	T/A	T
10	86786149	A	A	A
10	86786150	C	C/T	C/T
10	86786151	T	T	T
10	86786152	A	A	A
10	86786153	G	G	G
10	86786154	G	G	G
10	86786155	G	G	G/T
10	86786156	A	A	A
10	86786157	A	A	A
10	86786158	A	A	A
10	86786159	T	T	T
10	86786160	T	T	T
10	86786161	A	A	A
10	86786162	C	C	C
10	86786163	T	T	T
10	86786164	T	T	T
10	86786165	T	T	T
10	86786166	A	A	A
10	86786167	A	A	A
10	86786168	A	A	A
10	86786169	T	T	T
10	86786170	G	G	G/T
10	86786171	A	A	A
10	86786172	T	T	T
10	86786173	G	G	G
10	86786174	A	A	A
10	86786175	C	C	C
10	86786176	T	T	T
10	86786177	A	A	A
10	86786178	G	G	G
10	86786179	T	T	T
10	86786180	T	T	T
10	86786181	T	T	T
10	86786182	T	T	T
10	86786183	G	G	G
10	86786184	C	C	C
10	86786185	C	C	C/A
10	86786186	T	T	T
10	86786187	A	A	A
10	86786188	A	A	A
10	86786189	T	T	T
10	86786190	A	A	A
10	86786191	T	T	T
10	86786192	C	C	C
10	86786193	T	T	T
10	86786194	C	C	C
10	86786195	A	A	A
10	86786196	G	G	G
10	86786197	T	T	T
10	86786198	T	T	T
10	86786199	T	T	T
10	86786200	T	T	T
11	96684180	G	G/T	G
11	96684181	G	G/A	G
11	96684182	C	G/C	C/A
11	96684183	A	G/A	A
11	96684184	A	C/A	A
11	96684185	G	G/C	G
11	96684186	A	A	A
11	96684187	T	G/T	T
11	96684188	A	A	A
11	96684189	A	A	A
11	96684190	A	A	A
11	96684191	T	T/A	T
11	96684192	A	A	A
11	96684193	A	T/A	A
11	96684194	A	A	A
11	96684195	T	T/A	T
11	96684196	A	A	A
11	96684197	A	A	A
11	96684198	A	A	A
11	96684199	G	G	G
11	96684200	T	G	G
11	96684201	G	G	G
11	96684202	T	T	T
11	96684203	A	A	A
11	96684204	T	T	T
11	96684205	T	T	T
11	96684206	C	C	C
11	96684207	A	A	A
11	96684208	A	A	A
11	96684209	A	A	A
11	96684210	T	T	T
11	96684211	A	A	A
11	96684212	G	G	G
11	96684213	G	G	G
11	96684214	A	A	A
11	96684215	A	A	A
11	96684216	A	A	C/A
11	96684217	A	A	A
11	96684218	G	G	G
11	96684219	A	A	A
11	96684220	A	A	A
11	96684221	G	G	G
11	96684222	A	A	A
11	96684223	A	A	A
11	96684224	G	G	G
11	96684225	T	T	T
11	96684226	C	C	C
11	96684227	A	A	A
11	96684228	A	A	A
11	96684229	A	A	A
11	96684230	T	T	T
11	96684231	T	T	T
11	96684232	G	G	G
11	96684233	T	T	T
11	96684234	C	C	C
11	96684235	T	T	T
11	96684236	C	C	C
11	96684237	T	T	T
11	96684238	A	A	A
11	96684239	T	T	T
11	96684240	T	T	T
11	96684241	T	T	T
11	96684242	G	G	G
11	96684243	C	C	C
11	96684244	A	A	A
11	96684245	G	G	G
11	96684246	A	A	A
11	96684247	T	T	T
11	96684248	G	G	G
11	96684249	A	A	A
11	96684250	C	C	C
12	96484500	T	T	T
12	96484501	T	T	T
12	96484502	T	T	T
12	96484503	C	C	C
12	96484504	T	T	T
12	96484505	T	T	T
12	96484506	C	C	C
12	96484507	A	A	A
12	96484508	C	T	T
12	96484509	A	A	A
12	96484510	G	G	G
12	96484511	A	A	A
12	96484512	A	A	A
12	96484513	G	G	G
12	96484514	T	T	T
12	96484515	A	A	A
12	96484516	T	T	T
12	96484517	G	G	G
12	96484518	A	A	A
12	96484519	A	A	A
12	96484520	A	A	C/A
12	96484521	A	A	C/A
12	96484522	T	T	T
12	96484523	G	G	G
12	96484524	G	G	G/T
12	96484525	A	A	G/A
12	96484526	C	C	C
12	96484527	T	T	T
12	96484528	A	A	A
12	96484529	A	A	A
12	96484530	T	T	T
12	96484531	A	A	A
12	96484532	C	C	C
12	96484533	A	A	A
12	96484534	G	G	G
12	96484535	A	A	A
12	96484536	A	A	A
12	96484537	A	A	A
12	96484538	G	G	G
12	96484539	C	C	C
12	96484540	T	T	T
12	96484541	T	T	T
12	96484542	C	C	C
12	96484543	T	T	T
12	96484544	G	G	G
12	96484545	A	A	A
12	96484546	T	T	T
12	96484547	C	C	C
12	96484548	T	T	T
12	96484549	T	T	T
12	96484550	T	T	T
